type_id,name,daily_upd,daily_creat,update_pct
33305,Capital Processor Overclocking Unit II,   17.63,    0.25,  98.60
88619,Electrum Flare Metallic - Unlimited,   15.88,    0.25,  98.45
25978,Large Energy Burst Aerator I,   36.88,    0.63,  98.33
83368,Sani Crimson Gloss - Unlimited,   19.75,    0.50,  97.53
54307,Men's 'Fatal Elite' Combat Jacket,   17.63,    0.50,  97.24
31714,Capital Projectile Metastasis Adjuster II,   22.88,    0.75,  96.83
31416,Capital Semiconductor Memory Cell II,   21.50,    0.75,  96.63
41465,Capital Solace Scoped Remote Armor Repairer,   24.88,    0.88,  96.60
42794,Avatar Cold Iron SKIN,   30.25,    1.13,  96.41
48383,Men's Triglavian Survival Suit (Veles),   16.38,    0.63,  96.32
28795,Mid-grade Centurion Omega,   22.38,    0.88,  96.24
53900,Mid-grade Savior Epsilon,   21.25,    0.88,  96.05
85489,Glorified Unstable Damage Control Mutaplasmid,   17.25,    0.75,  95.83
41439,'Iron Pike' Kinetic Lance,   19.88,    0.88,  95.78
31826,Capital Core Defense Operational Solidifier II,   27.75,    1.25,  95.69
26418,Large Rocket Fuel Cache Partition II,   36.13,    1.75,  95.38
62579,Compressed Rakovene,   15.38,    0.75,  95.35
31712,Medium Projectile Metastasis Adjuster II,   17.88,    0.88,  95.33
83374,Argon Heat Gloss - Unlimited,   28.00,    1.38,  95.32
31500,Capital Energy Metastasis Adjuster II,   19.88,    1.00,  95.21
83363,Electric Dreams Gloss - Unlimited,   19.25,    1.00,  95.06
62580,Compressed Rakovene II-Grade,   16.63,    0.88,  95.00
24552,'Oblivion' Kinetic Doomsday,   18.13,    1.00,  94.77
89695,Cinderchrome Metallic - Limited,   34.75,    2.00,  94.56
26086,Large Core Defense Operational Solidifier I,   23.50,    1.38,  94.47
31362,Capital Ancillary Current Router I,   27.25,    1.63,  94.37
20452,Hexa 2500mm Repeating Cannon I,   20.00,    1.25,  94.12
31137,Medium Dynamic Fuel Valve II,   15.88,    1.00,  94.07
23811,'Plough' Heavy Capacitor Booster I,   19.50,    1.25,  93.98
18931,Centus A-Type EM Armor Hardener,   21.13,    1.38,  93.89
91987,Blazing Teal Metallic - Limited,   24.88,    1.63,  93.87
31410,Capital Semiconductor Memory Cell I,   40.50,    2.75,  93.64
40566,Termite II,   34.13,    2.38,  93.49
3224,Zainou 'Deadeye' Large Hybrid Turret LH-1006,   15.13,    1.13,  93.08
83382,Uncompromising Scarlet Gloss - Unlimited,   16.75,    1.25,  93.06
11265,'Basic' Multispectrum Energized Membrane,   16.75,    1.25,  93.06
3143,Zainou 'Deadeye' Target Navigation Prediction TN-906,   27.75,    2.13,  92.89
15717,Republic Fleet Explosive Armor Hardener,   27.63,    2.13,  92.86
90598,Amber Flow Gloss - Unlimited,   17.88,    1.38,  92.86
26108,Large Particle Dispersion Projector I,   48.25,    3.75,  92.79
88637,Embossed Turns - Unlimited,   15.88,    1.25,  92.70
18919,Centus A-Type Thermal Armor Hardener,   31.63,    2.50,  92.67
26296,Large Nanobot Accelerator II,   33.00,    2.63,  92.63
90594,Plumbed Depths Metallic - Unlimited,   29.75,    2.38,  92.61
27064,Capital Auxiliary Nano Pump I,   33.88,    2.75,  92.49
88777,Gravastar Black Metallic - Unlimited,   20.00,    1.63,  92.49
31304,Small Particle Dispersion Projector II,   20.00,    1.63,  92.49
19262,Pith C-Type Thermal Shield Hardener,   34.00,    2.88,  92.20
40758,Heavy Warp Scrambler II,   35.13,    3.00,  92.13
28803,Mid-grade Harvest Beta,   16.00,    1.38,  92.09
22134,Mid-grade Talisman Delta,   17.25,    1.50,  92.00
26312,Large Polycarbon Engine Housing II,   16.75,    1.50,  91.78
18929,Corpus A-Type EM Armor Hardener,   17.88,    1.63,  91.67
31292,Small Particle Dispersion Augmentor II,   20.50,    1.88,  91.62
35836,Tatara,   15.00,    1.38,  91.60
20703,Capital Shield Booster I,   20.38,    1.88,  91.57
26292,Large Thermal Armor Reinforcer II,   26.88,    2.50,  91.49
26396,Large Hybrid Collision Accelerator II,   29.38,    2.75,  91.44
85147,Brutal Splatter Pattern - Limited,   62.38,    5.88,  91.39
3127,Zainou 'Deadeye' Guided Missile Precision GP-806,   29.13,    2.75,  91.37
31075,Capital Remote Repair Augmentor I,   17.13,    1.63,  91.33
18921,Corpus A-Type Kinetic Armor Hardener,   15.50,    1.50,  91.18
28583,Capital Industrial Core I,   17.88,    1.75,  91.08
24554,'Aurora Ominae' Thermal Doomsday,   16.38,    1.63,  90.97
31374,Capital Capacitor Control Circuit I,   39.88,    4.00,  90.88
41291,Scourge Fury XL Cruise Missile,   16.00,    1.63,  90.78
37630,Corpus A-Type Heavy Energy Neutralizer,   14.63,    1.50,  90.70
26416,Large Hydraulic Bay Thrusters II,   31.63,    3.25,  90.68
3550,CONCORD Dual 1000mm Railgun,   25.50,    2.63,  90.67
18899,Centus C-Type Thermal Armor Hardener,   33.75,    3.50,  90.60
26412,Large Warhead Flare Catalyst II,   36.00,    3.75,  90.57
52915,Ultratidal Entropic Disintegrator I,   57.00,    6.00,  90.48
4401,Large Processor Overclocking Unit II,   22.25,    2.38,  90.36
32063,Medium Drone Speed Augmentor II,   24.25,    2.63,  90.23
18702,Centii C-Type Multispectrum Coating,   16.13,    1.75,  90.21
17836,Federation Navy Kinetic Armor Hardener,   33.25,    3.63,  90.17
3095,Eifyr and Co. 'Rogue' Evasive Maneuvering EM-706,   44.63,    4.88,  90.15
31163,Capital Hyperspatial Velocity Optimizer I,   59.25,    6.50,  90.11
19117,Corpus A-Type Heavy Energy Nosferatu,   14.75,    1.63,  90.08
85936,Incursive Ink Satin - Unlimited,   17.00,    1.88,  90.07
32342,Tyrfing I,   18.13,    2.00,  90.06
19085,Centum B-Type Medium Remote Capacitor Transmitter,   46.38,    5.13,  90.05
24636,Zainou 'Deadeye' Missile Bombardment MB-705,   15.75,    1.75,  90.00
31035,Medium Thermal Armor Reinforcer I,   15.75,    1.75,  90.00
21480,500MN Digital Booster Microwarpdrive,   15.63,    1.75,  89.93
31820,Capital Core Defense Operational Solidifier I,   16.63,    1.88,  89.86
3618,Capital Remote Shield Booster II,   22.13,    2.50,  89.85
18927,Centus A-Type Explosive Armor Hardener,   16.50,    1.88,  89.80
26376,Large Semiconductor Memory Cell II,   16.50,    1.88,  89.80
87323,Navy Scan Rangefinding Array,   15.25,    1.75,  89.71
40633,Bosonic Field Generator,   19.50,    2.25,  89.66
18971,Core A-Type Thermal Armor Hardener,   27.88,    3.25,  89.56
83317,Isotopic Iodide Matte - Unlimited,   16.00,    1.88,  89.51
3094,Eifyr and Co. 'Rogue' Evasive Maneuvering EM-704,   15.63,    1.88,  89.29
47835,Unstable Medium Ancillary Shield Booster Mutaplasmid,   26.00,    3.13,  89.27
33971,Low-grade Virtue Alpha,   15.38,    1.88,  89.13
40696,Warp Disruption Burst Projector,   17.25,    2.13,  89.03
18827,Corelum A-Type Thermal Energized Membrane,   25.00,    3.13,  88.89
31774,Capital Core Defense Capacitor Safeguard II,   54.88,    6.88,  88.87
83351,Uncompromising Scarlet Satin - Unlimited,   14.88,    1.88,  88.81
31730,Medium Explosive Shield Reinforcer I,   18.75,    2.38,  88.76
18909,Corpus B-Type Kinetic Armor Hardener,   21.63,    2.75,  88.72
17491,Republic Fleet Light Missile Launcher,   20.63,    2.63,  88.71
3137,Zainou 'Deadeye' Rapid Launch RL-1004,   18.63,    2.38,  88.69
20563,'Smokescreen' Covert Ops Cloaking Device II,   14.63,    1.88,  88.64
26444,Large Core Defense Capacitor Safeguard II,   15.50,    2.00,  88.57
31736,Medium Explosive Shield Reinforcer II,   42.50,    5.50,  88.54
57482,Genetic Safeguard Filter,   24.13,    3.13,  88.53
85396,Drone Mutaplasmid Residue,   28.88,    3.75,  88.51
26438,Large Explosive Shield Reinforcer II,   25.00,    3.25,  88.50
41565,Capital Radiative Scoped Remote Capacitor Transmitter,   19.13,    2.50,  88.44
41251,50000MN Quad LiF Restrained Microwarpdrive,   21.88,    2.88,  88.38
28746,Thukker Medium Shield Extender,   33.25,    4.38,  88.37
52244,Veles Entropic Radiation Sink,   46.38,    6.13,  88.33
60475,Exigent Medium Drone Projection Mutaplasmid,   40.38,    5.38,  88.25
3481,Inherent Implants 'Noble' Hull Upgrades HG-1004,   17.75,    2.38,  88.20
76494,Gnosis GalNet StreamCast Unit SKIN,   38.00,    5.13,  88.12
12269,Heavy Energy Neutralizer I,   15.75,    2.13,  88.11
22137,Mid-grade Talisman Omega,   23.13,    3.13,  88.10
72872,Prophecy Navy Issue,   29.38,    4.00,  88.01
25275,Celadon Cytoserocin,   24.63,    3.38,  87.95
37453,Crucifier Navy Issue,   21.88,    3.00,  87.94
14222,Domination Medium Proton Smartbomb,   19.13,    2.63,  87.93
20345,100mm Steel Plates II,   25.38,    3.50,  87.88
28654,Warp Disruption Field Generator I,   18.13,    2.50,  87.88
17408,Small Pulse Laser Battery,   19.00,    2.63,  87.86
3266,Zainou 'Gypsy' CPU Management EE-604,   15.38,    2.13,  87.86
3575,CONCORD Capital Remote Capacitor Transmitter,   19.75,    2.75,  87.78
1968,Remote Sensor Dampener I,   15.25,    2.13,  87.77
57127,High-grade Rapture Epsilon,   14.25,    2.00,  87.69
18965,Core A-Type EM Armor Hardener,   15.13,    2.13,  87.68
47035,Standup Templar I,   16.00,    2.25,  87.67
18951,Core C-Type Explosive Armor Hardener,   31.00,    4.38,  87.63
89512,Maelstrom Hrada-Oki Offender SKIN,   24.75,    3.50,  87.61
31328,Small Targeting System Subcontroller II,   14.13,    2.00,  87.60
33832,Imperial Navy Omnidirectional Tracking Enhancer,   14.13,    2.00,  87.60
85478,Glorified Unstable 100MN Afterburner Mutaplasmid,   15.88,    2.25,  87.59
31488,Capital Energy Locus Coordinator II,   17.63,    2.50,  87.58
31113,Medium Auxiliary Thrusters II,   28.00,    4.00,  87.50
85545,Glorified Unstable Large Shield Booster Mutaplasmid,   18.38,    2.63,  87.50
22895,'Shady' Sensor Booster,   15.75,    2.25,  87.50
26430,Large Projectile Burst Aerator II,   20.88,    3.00,  87.43
15707,Imperial Navy Kinetic Armor Hardener,   33.75,    4.88,  87.38
57463,Isotropic Neofullerene Alpha-3,   29.88,    4.38,  87.23
20444,Dual Giga Pulse Laser I,   18.75,    2.75,  87.21
23035,Caldari Navy Iridium Charge M,   39.13,    5.75,  87.19
20637,'Posse' Multispectrum Shield Hardener,   47.63,    7.00,  87.19
40355,Capital Azeotropic Restrained Shield Extender,   56.13,    8.25,  87.18
18686,Coreli B-Type 1MN Afterburner,   33.00,    4.88,  87.13
3561,CONCORD Dual Giga Beam Laser,   14.38,    2.13,  87.12
16064,Caldari Navy Heavy Missile Launcher,   58.25,    8.63,  87.10
62394,Compressed Viridian Cytoserocin,   26.13,    3.88,  87.08
31330,Medium Targeting System Subcontroller II,   16.00,    2.38,  87.07
31484,Small Energy Locus Coordinator II,   73.75,   11.13,  86.89
13963,True Sansha Small Armor Repairer,   20.63,    3.13,  86.84
57465,Isotropic Neofullerene Gamma-9,   16.50,    2.50,  86.84
54779,BlastShot Condenser Pack L,   25.00,    3.88,  86.58
82310,Compressed Ueganite III-Grade,   16.13,    2.50,  86.58
55652,Loki Biosecurity Responders SKIN,   14.50,    2.25,  86.57
28846,Nomad,   31.38,    4.88,  86.55
33955,Low-grade Amulet Delta,   16.88,    2.63,  86.54
19263,Gist C-Type EM Shield Hardener,   16.75,    2.63,  86.45
31668,Small Projectile Burst Aerator I,   23.13,    3.63,  86.45
31071,Medium Nanobot Accelerator II,   41.88,    6.63,  86.34
47336,Standup Focused Warp Scrambling Script,   16.50,    2.63,  86.27
31680,Small Projectile Collision Accelerator I,   25.00,    4.00,  86.21
31534,Medium Hybrid Burst Aerator II,   22.63,    3.63,  86.19
26890,Mobile Medium Warp Disruptor II,   26.50,    4.25,  86.18
60472,Exigent Medium Drone Navigation Mutaplasmid,   59.13,    9.50,  86.16
18885,Corpus C-Type EM Armor Hardener,   24.88,    4.00,  86.15
31792,Capital Core Defense Field Extender I,   62.88,   10.13,  86.13
12221,Medium Remote Capacitor Transmitter II,   27.88,    4.50,  86.10
15747,Republic Fleet 5MN Microwarpdrive,   16.25,    2.63,  86.09
85931,Chimera Arkombine Arisen SKIN,   14.63,    2.38,  86.03
62544,Compressed Hemorphite,   14.63,    2.38,  86.03
41250,50000MN Y-T8 Compact Microwarpdrive,   16.88,    2.75,  85.99
26420,Large Warhead Calefaction Catalyst II,   16.88,    2.75,  85.99
27256,Zainou 'Snapshot' Torpedoes TD-605,   18.38,    3.00,  85.96
12223,Capital Remote Capacitor Transmitter II,   19.88,    3.25,  85.95
92041,Humboldt EC-900-I,   54.25,    8.88,  85.94
1565,Small EMP Smartbomb II,   15.25,    2.50,  85.92
92038,Tabanida EV-900-I,   24.38,    4.00,  85.90
85645,Glorified Unstable Warp Scrambler Mutaplasmid,   25.88,    4.25,  85.89
92040,Nertic EC-600-I,   70.63,   11.63,  85.87
40730,Heavy Warp Disruptor I,   22.00,    3.63,  85.85
18696,Core A-Type 100MN Afterburner,   22.00,    3.63,  85.85
40354,Capital Shield Extender I,   14.38,    2.38,  85.82
26370,Large Ancillary Current Router II,   60.25,   10.00,  85.77
81066,Metaprismatic Armor Plate,   27.75,    4.63,  85.71
76488,Vargur GalNet StreamCast Unit SKIN,   29.88,    5.00,  85.66
87325,Navy Scan Acquisition Array,   18.63,    3.13,  85.63
31380,Capital Capacitor Control Circuit II,   37.75,    6.38,  85.55
19103,Corpii B-Type Small Energy Nosferatu,   14.00,    2.38,  85.50
26310,Large Low Friction Nozzle Joints II,   16.13,    2.75,  85.43
26452,Large Core Defense Operational Solidifier II,   13.88,    2.38,  85.38
17838,Federation Navy Thermal Armor Hardener,   19.63,    3.38,  85.33
85641,Glorified Unstable Warp Disruptor Mutaplasmid,   26.13,    4.50,  85.31
85932,Nidhoggur Arkombine Arisen SKIN,   14.50,    2.50,  85.29
25274,Viridian Cytoserocin,   29.63,    5.13,  85.25
40660,Capital Gremlin Compact Energy Neutralizer,   26.00,    4.50,  85.25
85307,Blooded Steel Metallic - Limited,   15.13,    2.63,  85.21
3214,Inherent Implants 'Lancer' Gunnery RF-906,   16.50,    2.88,  85.16
19299,Gist B-Type Shield Boost Amplifier,   21.50,    3.75,  85.15
11692,Nuclear Pulse Generator,   20.75,    3.63,  85.13
31640,Medium Warhead Flare Catalyst II,   16.38,    2.88,  85.06
20433,Talocan Technology,   21.13,    3.75,  84.92
31614,Small Rocket Fuel Cache Partition II,   47.00,    8.38,  84.88
18963,Core B-Type Thermal Armor Hardener,   13.88,    2.50,  84.73
31089,Small Salvage Tackle II,   20.75,    3.75,  84.69
26406,Large Bay Loading Accelerator II,   35.25,    6.38,  84.68
92468,Immaculate TD-600-I,   61.50,   11.13,  84.68
57464,Isotropic Neofullerene Beta-6,   23.38,    4.25,  84.62
87324,Navy Scan Pinpointing Array,   14.38,    2.63,  84.56
20887,True Sanshas Standard L,   14.38,    2.63,  84.56
47139,Standup Firbolg I,   16.38,    3.00,  84.52
18694,Corelum A-Type 10MN Afterburner,   15.00,    2.75,  84.51
12547,Sansha Bronze Tag,   30.50,    5.63,  84.43
31276,Medium Ionic Field Projector I,   25.00,    4.63,  84.39
62631,Large Moon Ore Compressor I,   28.25,    5.25,  84.33
45613,Tengu Propulsion - Interdiction Nullifier,   53.13,    9.88,  84.33
47342,Standup Ballistic Control System II,   15.38,    2.88,  84.25
52242,Zorya's Entropic Radiation Sink,   24.63,    4.63,  84.19
18815,Corelum B-Type EM Energized Membrane,   23.25,    4.38,  84.16
31091,Medium Salvage Tackle II,   31.13,    5.88,  84.12
41310,Scoped Electronics,   26.38,    5.00,  84.06
17212,Sansha Brass Tag,   29.00,    5.50,  84.06
21368,Guristas Antimatter Charge XL,   29.50,    5.63,  83.99
19700,Zainou 'Deadeye' Small Hybrid Turret SH-605,   13.75,    2.63,  83.97
41271,Scourge Rage XL Torpedo,   20.25,    3.88,  83.94
17210,Sansha Copper Tag,   28.00,    5.38,  83.90
57460,Axosomatic Neurolink Enhancer,   37.75,    7.25,  83.89
22889,'Meditation' Medium Armor Repairer I,   20.75,    4.00,  83.84
81603,Mysterious Booster Crate I,   17.38,    3.38,  83.73
60461,Exigent Light Drone Firepower Mutaplasmid,   63.63,   12.38,  83.72
14156,Dark Blood Medium Energy Nosferatu,   40.38,    7.88,  83.68
13926,Dread Guristas Light Missile Launcher,   31.88,    6.25,  83.61
42201,Low-grade Asklepian Epsilon,   27.38,    5.38,  83.59
18983,Coreli B-Type Small Remote Armor Repairer,   16.50,    3.25,  83.54
60311,Mercoxit Asteroid Mining Crystal Type B II,   18.38,    3.63,  83.52
31280,Small Ionic Field Projector II,   99.38,   19.63,  83.51
92467,Stellate TD-300-I,   81.75,   16.25,  83.42
81065,Electromechanical Microprocessor,   14.38,    2.88,  83.33
19341,Gist C-Type 500MN Microwarpdrive,   18.00,    3.63,  83.24
4256,Bomb Launcher II,   18.00,    3.63,  83.24
60315,ORE Gas Cloud Harvester,   29.75,    6.00,  83.22
17520,Federation Navy Sensor Booster,   22.88,    4.63,  83.18
14202,True Sansha Small EMP Smartbomb,   16.00,    3.25,  83.12
12761,Quake L,   31.38,    6.38,  83.11
31674,Small Projectile Burst Aerator II,   15.38,    3.13,  83.11
11551,Electrolytic Capacitor Unit,   22.75,    4.63,  83.11
33591,Mobile Micro Jump Unit,   13.50,    2.75,  83.08
17674,Phased Plasma XL,   13.50,    2.75,  83.08
47366,Standup Target Painter II,   17.75,    3.63,  83.04
15768,Federation Navy 500MN Microwarpdrive,   28.75,    5.88,  83.03
22945,'Executive' Remote Sensor Dampener,   20.13,    4.13,  82.99
92466,Atlas SD-900-I,   21.88,    4.50,  82.94
9846,Planetary Vehicles,   30.38,    6.25,  82.94
30582,Intact Power Cores,   16.38,    3.38,  82.91
18991,Corelum A-Type Medium Remote Armor Repairer,   15.13,    3.13,  82.88
92035,Arabellata SW-900-I,   42.25,    8.75,  82.84
41498,Capital I-a Enduring Armor Repairer,   33.50,    7.00,  82.72
31918,Federation Navy 800mm Steel Plates,   30.50,    6.38,  82.71
37457,Deacon,   38.63,    8.13,  82.62
34268,Medium Higgs Anchor I,   25.50,    5.38,  82.59
84422,Unstable Large EMP Smartbomb Mutaplasmid,   47.75,   10.13,  82.51
18889,Corpus C-Type Explosive Armor Hardener,   20.63,    4.38,  82.50
20567,'Dyad' Co-Processor I,   34.75,    7.38,  82.49
3239,Inherent Implants 'Squire' Capacitor Management EM-806,   47.50,   10.13,  82.43
27373,Guristas Mjolnir Cruise Missile,   45.13,    9.63,  82.42
15898,Caldari Navy Small Shield Booster,   24.38,    5.25,  82.28
16068,Caldari Navy Light Missile Launcher,   30.75,    6.63,  82.27
13834,True Sansha Tachyon Beam Laser,   17.38,    3.75,  82.25
91567,Gila GalNet StreamCast Unit SKIN,   32.38,    7.00,  82.22
41525,Capital Flex Armor Hardener II,   46.63,   10.13,  82.16
18887,Centus C-Type EM Armor Hardener,   22.38,    4.88,  82.11
35922,Standup Multirole Missile Launcher I,   26.25,    5.75,  82.03
14166,True Sansha Medium Energy Neutralizer,   27.38,    6.00,  82.02
41062,Federation Navy Warp Disruptor,   18.25,    4.00,  82.02
40571,Dromi II,   30.63,    6.75,  81.94
28700,Vermillion Mykoserocin,   38.50,    8.50,  81.91
18897,Corpus C-Type Thermal Armor Hardener,   20.38,    4.50,  81.91
31946,Imperial Navy Large Remote Capacitor Transmitter,   26.00,    5.75,  81.89
49099,Zero-Point Mass Entangler,   45.00,   10.00,  81.82
90609,Exigent Mining Drone Mutaplasmid,   19.13,    4.25,  81.82
92644,Men's Select Freedom Combat Suit,   13.50,    3.00,  81.82
45612,Legion Propulsion - Wake Limiter,   27.50,    6.13,  81.78
53857,Low-grade Nirvana Epsilon,   18.50,    4.13,  81.77
11555,Deflection Shield Emitter,   16.25,    3.63,  81.76
26414,Large Warhead Rigor Catalyst II,   21.75,    4.88,  81.69
40356,Capital F-S9 Regolith Compact Shield Extender,   23.38,    5.25,  81.66
40553,Gram II,   23.38,    5.25,  81.66
47916,Heavy Compact Entropic Disintegrator,   17.75,    4.00,  81.61
60465,Exigent Heavy Drone Durability Mutaplasmid,   29.88,    6.75,  81.57
41252,50000MN Cold-Gas Enduring Microwarpdrive,   21.00,    4.75,  81.55
20066,Minmatar Control Tower Small,   19.88,    4.50,  81.54
11538,Nanomechanical Microprocessor,   32.50,    7.38,  81.50
15788,Ammatar Navy Cap Recharger,   30.25,    6.88,  81.48
3162,Light Electron Blaster II,   39.50,    9.00,  81.44
21021,Capital Power Generator,   20.75,    4.75,  81.37
11533,Magpulse Thruster,   19.63,    4.50,  81.35
3118,Eifyr and Co. 'Rogue' Warp Drive Speed WS-613,   19.63,    4.50,  81.35
3993,Large EMP Smartbomb I,   16.88,    3.88,  81.33
13920,Dread Guristas Rapid Light Missile Launcher,   75.00,   17.25,  81.30
28744,Thukker Large Shield Extender,  102.13,   23.50,  81.29
49790,ML-EKP 'Polybolos' Ballistic Control System,   22.25,    5.13,  81.28
28797,Mid-grade Nomad Beta,   32.50,    7.50,  81.25
3608,Large Remote Shield Booster II,   44.38,   10.25,  81.24
31824,Medium Core Defense Operational Solidifier II,   31.88,    7.38,  81.21
57124,High-grade Rapture Beta,   16.00,    3.75,  81.01
31568,Small Hybrid Locus Coordinator II,   14.38,    3.38,  80.99
3049,Mega Beam Laser II,   64.38,   15.13,  80.97
9497,1400mm Prototype Siege Cannon,   50.38,   11.88,  80.92
37849,Standup Heavy Guided Bomb,   15.38,    3.63,  80.92
22127,Mid-grade Snake Delta,   32.25,    7.63,  80.88
85662,Glorified Unstable Gyrostabilizer Mutaplasmid,   21.63,    5.13,  80.84
12536,Blood Crystal Tag,   16.88,    4.00,  80.84
19313,Coreli C-Type 5MN Microwarpdrive,   22.13,    5.25,  80.82
31015,Small Explosive Armor Reinforcer II,   17.38,    4.13,  80.81
12200,Mobile Large Warp Disruptor I,   38.88,    9.25,  80.78
18817,Corelum B-Type Thermal Energized Membrane,   26.25,    6.25,  80.77
15967,Federation Navy Remote Tracking Computer,   15.75,    3.75,  80.77
18875,Centum A-Type Explosive Energized Membrane,   66.63,   15.88,  80.76
19141,Gistum C-Type Medium Remote Shield Booster,   48.25,   11.50,  80.75
37452,ORE Ice Mining Laser,   36.13,    8.63,  80.73
18935,Centus X-Type EM Armor Hardener,   64.88,   15.50,  80.72
530,Small Energy Nosferatu I,   14.63,    3.50,  80.69
18879,Centum A-Type Kinetic Energized Membrane,   56.88,   13.63,  80.67
18943,Centus X-Type Kinetic Armor Hardener,   70.75,   17.00,  80.63
33563,Mid-grade Ascendancy Gamma,   26.50,    6.38,  80.61
22119,Mid-grade Amulet Alpha,   40.50,    9.75,  80.60
21510,'Interruptive' Warp Disruptor,   13.50,    3.25,  80.60
18855,Centum B-Type Kinetic Energized Membrane,   27.50,    6.63,  80.59
45599,Legion Offensive - Assault Optimization,   31.63,    7.63,  80.57
25888,Large Explosive Armor Reinforcer I,   46.50,   11.25,  80.52
57453,Carbon Fiber,   15.50,    3.75,  80.52
52238,Zorya's Heavy Entropic Disintegrator,   17.50,    4.25,  80.46
13919,Domination Rapid Light Missile Launcher,   14.38,    3.50,  80.42
19197,Gist A-Type X-Large Shield Booster,   25.13,    6.13,  80.40
15457,Standard X-Instinct Booster,   15.38,    3.75,  80.39
48426,Unstable Heavy Energy Nosferatu Mutaplasmid,   24.50,    6.00,  80.33
3084,Zainou 'Gnome' Shield Management SM-706,   25.00,    6.13,  80.32
16233,Prophecy,   26.00,    6.38,  80.31
8335,Type-D Restrained Shield Power Relay,   33.13,    8.13,  80.30
20781,Domination Phased Plasma M,   14.75,    3.63,  80.27
18891,Centus C-Type Explosive Armor Hardener,   22.38,    5.50,  80.27
31017,Medium Explosive Armor Reinforcer II,   33.00,    8.13,  80.24
60474,Exigent Medium Drone Durability Mutaplasmid,   34.38,    8.50,  80.17
52916,Baryon Exotic Plasma XL,   13.13,    3.25,  80.15
18859,Centum B-Type Explosive Energized Membrane,   41.88,   10.38,  80.14
28701,Viridian Mykoserocin,   46.88,   11.63,  80.13
92037,Mosquito EV-600-I,   14.88,    3.75,  79.87
19223,Pithum B-Type EM Shield Amplifier,   72.25,   18.25,  79.83
25954,Large Semiconductor Memory Cell I,   16.75,    4.25,  79.76
34487,Syndicate Reinforced Bulkheads,   16.25,    4.13,  79.75
47744,Gravid 500MN Microwarpdrive Mutaplasmid,   19.63,    5.00,  79.70
47913,Light Scoped Entropic Disintegrator,   17.63,    4.50,  79.66
92392,Presidential Candidate Favor,   33.75,    8.63,  79.65
36911,Antipharmakon Toxot,   25.38,    6.50,  79.61
40557,Dragonfly II,   22.88,    5.88,  79.57
28696,Celadon Mykoserocin,   46.63,   12.00,  79.53
62624,Medium Gas Compressor I,   29.50,    7.63,  79.46
53291,Dreadnought Systems Diagram,   14.50,    3.75,  79.45
40564,Gungnir II,   14.50,    3.75,  79.45
54829,Large Vorton Specialization,   25.13,    6.50,  79.45
3238,Inherent Implants 'Squire' Capacitor Management EM-804,   14.00,    3.63,  79.43
25898,Large Nanobot Accelerator I,   26.50,    6.88,  79.40
20062,Caldari Control Tower Small,   22.63,    5.88,  79.39
11552,Scalar Capacitor Unit,   38.00,    9.88,  79.37
18635,Discovery Survey Probe I,   23.50,    6.13,  79.32
26084,Large Core Defense Field Purger I,   18.13,    4.75,  79.23
31942,Federation Navy Omnidirectional Tracking Link,   40.00,   10.50,  79.21
34306,Large Higgs Anchor I,   41.25,   10.88,  79.14
32246,RSS Core Scanner Probe,   61.13,   16.13,  79.13
31906,Federation Navy 200mm Steel Plates,   37.25,    9.88,  79.05
17190,Angel Bronze Tag,   16.00,    4.25,  79.01
13891,Shadow Serpentis Neutron Blaster Cannon,   13.63,    3.63,  78.99
3257,Inherent Implants 'Squire' Power Grid Management EG-604,   16.88,    4.50,  78.95
53301,Tetryon Exotic Plasma XL,   20.50,    5.50,  78.85
31111,Small Auxiliary Thrusters II,   15.38,    4.13,  78.85
25900,Large Remote Repair Augmentor I,   16.75,    4.50,  78.82
60300,Complex Asteroid Mining Crystal Type A II,   14.88,    4.00,  78.81
23416,'Peace' Large Remote Armor Repairer,   19.50,    5.25,  78.79
52236,Zorya's Light Entropic Disintegrator,   26.38,    7.13,  78.73
47272,Light Entropic Disintegrator I,   25.38,    6.88,  78.68
21512,'Delineative' Warp Scrambler,   16.50,    4.50,  78.57
18981,Coreli C-Type Small Remote Armor Repairer,   15.13,    4.13,  78.57
19175,Pithi C-Type Small Shield Booster,   14.63,    4.00,  78.52
18867,Centum A-Type Thermal Energized Membrane,   61.13,   16.75,  78.49
56701,Mobile Sanguine Harvester,   16.88,    4.63,  78.49
31532,Small Hybrid Burst Aerator II,   12.75,    3.50,  78.46
28799,Mid-grade Nomad Epsilon,   30.50,    8.38,  78.46
37299,Dual Giga Beam Laser II,   25.38,    7.00,  78.38
37296,Quad Mega Pulse Laser II,   55.63,   15.38,  78.35
47748,Gravid 1MN Afterburner Mutaplasmid,   32.88,    9.13,  78.27
27181,Zainou 'Beancounter' Metallurgy MY-705,   13.50,    3.75,  78.26
25956,Large Ancillary Current Router I,   25.63,    7.13,  78.24
3195,Eifyr and Co. 'Gunslinger' Surgical Strike SS-906,   23.38,    6.50,  78.24
11537,Radar Sensor Cluster,   14.38,    4.00,  78.23
1964,Remote Sensor Booster II,   30.50,    8.50,  78.21
47298,Standup Multirole Missile Launcher II,   15.25,    4.25,  78.21
19203,Pith B-Type Large Shield Booster,   16.13,    4.50,  78.18
3482,Inherent Implants 'Noble' Hull Upgrades HG-1006,   33.13,    9.25,  78.17
62382,Compressed Lime Mykoserocin,   32.63,    9.13,  78.14
11543,Tungsten Carbide Armor Plate,   26.75,    7.50,  78.10
19087,Centum A-Type Medium Remote Capacitor Transmitter,   18.25,    5.13,  78.07
21478,50MN Digital Booster Microwarpdrive,   18.25,    5.13,  78.07
54777,GalvaSurge Condenser Pack L,   22.63,    6.38,  78.02
16666,Hyperflurite,   43.00,   12.13,  78.00
11536,Ladar Sensor Cluster,   16.38,    4.63,  77.98
60476,Radical Drone Damage Amplifier Mutaplasmid,   20.75,    5.88,  77.93
40661,Capital Infectious Scoped Energy Neutralizer,   30.88,    8.75,  77.92
93136,Imperial Defense Booster IV,   24.25,    6.88,  77.91
52226,Unstable Damage Control Mutaplasmid,   20.13,    5.75,  77.78
92033,Orbweaver SW-300-I,   39.63,   11.38,  77.70
28809,Mid-grade Virtue Beta,   50.88,   14.63,  77.67
40347,Dromi I,   27.75,    8.00,  77.62
54398,Mid-grade Hydra Alpha,   13.88,    4.00,  77.62
52309,Datacore - Triglavian Quantum Engineering,   27.25,    7.88,  77.58
47738,Unstable 5MN Microwarpdrive Mutaplasmid,   48.88,   14.13,  77.58
47754,Decayed 100MN Afterburner Mutaplasmid,   21.63,    6.25,  77.58
26298,Large Remote Repair Augmentor II,   20.75,    6.00,  77.57
19363,Centum B-Type EM Energized Membrane,   17.25,    5.00,  77.53
37482,Stork,   45.13,   13.13,  77.47
15480,Improved Exile Booster,   37.38,   10.88,  77.46
13941,Dark Blood Heat Sink,   55.38,   16.13,  77.45
13924,Dread Guristas Torpedo Launcher,   79.75,   23.25,  77.43
21074,Talocan Sketch Books,   42.88,   12.50,  77.43
18839,Centum C-Type Explosive Energized Membrane,   45.88,   13.38,  77.43
21023,Capital Shield Emitter,   22.25,    6.50,  77.39
11535,Magnetometric Sensor Cluster,   23.50,    6.88,  77.37
27916,Scorch Bomb,   24.75,    7.25,  77.34
11548,Nuclear Reactor Unit,   18.75,    5.50,  77.32
34595,Entosis Link II,   22.13,    6.50,  77.29
28332,Republic Fleet Depleted Uranium L,   34.88,   10.25,  77.29
47360,Standup Layered Armor Plating I,   16.13,    4.75,  77.25
92461,Skimmer TP-300-I,   50.88,   15.00,  77.23
58950,Large Industrial Core II,   34.75,   10.25,  77.22
34414,Small Malfunctioning Hull Section,   17.38,    5.13,  77.22
14148,Dark Blood Small Energy Nosferatu,   16.50,    4.88,  77.19
47934,Occult L,   91.25,   27.00,  77.17
92458,Presidential Skirmish Command Burst,   22.38,    6.63,  77.16
41330,Scorch XL,   13.50,    4.00,  77.14
40560,Ametat II,   18.13,    5.38,  77.13
27114,Eifyr and Co. 'Rogue' Warp Drive Speed WS-615,   30.75,    9.13,  77.12
35789,Astro-Inertial Compact Missile Guidance Computer,  147.00,   43.63,  77.11
41459,CONCORD Capital Shield Extender,   35.38,   10.50,  77.11
91568,Praxis GalNet StreamCast Unit SKIN,   12.63,    3.75,  77.10
57476,Magnetometric-FTL Interlink Communicator,   13.00,    3.88,  77.04
31570,Medium Hybrid Locus Coordinator II,   30.13,    9.00,  77.00
52225,Gravid Damage Control Mutaplasmid,   37.63,   11.25,  76.98
23053,Caldari Navy Iron Charge L,   35.50,   10.63,  76.96
22440,Panther,   35.50,   10.63,  76.96
45630,Proteus Core - Friction Extension Processor,   39.25,   11.75,  76.96
18813,Corelum B-Type Explosive Energized Membrane,   20.88,    6.25,  76.96
41482,Large Ancillary Remote Shield Booster,   44.25,   13.25,  76.96
58945,Large Industrial Core I,   24.63,    7.38,  76.95
17960,Prometium,   27.13,    8.13,  76.95
503,Torpedo Launcher I,   23.75,    7.13,  76.92
92952,Mystic XL,   16.25,    4.88,  76.92
16061,Caldari Navy Rapid Light Missile Launcher,   15.00,    4.50,  76.92
34126,Prototype Jump Drive Economizer,   26.63,    8.00,  76.90
62562,Compressed Crokite III-Grade,   15.75,    4.75,  76.83
42213,High-grade Asklepian Delta,   22.75,    6.88,  76.79
14108,Shadow Serpentis 10MN Afterburner,   33.38,   10.13,  76.72
27171,Zainou 'Beancounter' Industry BX-804,   12.75,    3.88,  76.69
92183,CONCORD-Carrier Rogue Analysis Beacon,   15.63,    4.75,  76.69
41303,Enduring Conductors,   21.75,    6.63,  76.65
31628,Medium Warhead Calefaction Catalyst II,   16.00,    4.88,  76.65
40565,Tyrfing II,   17.63,    5.38,  76.63
19109,Corpum B-Type Medium Energy Nosferatu,   13.50,    4.13,  76.60
18841,Corpum C-Type EM Energized Membrane,   15.13,    4.63,  76.58
19351,Gistum A-Type 50MN Microwarpdrive,   17.50,    5.38,  76.50
22468,Claymore,   27.25,    8.38,  76.49
54775,BlastShot Condenser Pack M,   15.38,    4.75,  76.40
27179,Zainou 'Beancounter' Research RR-605,   20.63,    6.38,  76.39
26442,Large Thermal Shield Reinforcer II,   53.38,   16.50,  76.39
31620,Small Warhead Calefaction Catalyst I,   34.75,   10.75,  76.37
19196,Gist B-Type X-Large Shield Booster,   12.50,    3.88,  76.34
15965,Republic Fleet Tracking Enhancer,   27.00,    8.38,  76.33
47922,Supratidal Entropic Disintegrator II,   27.00,    8.38,  76.33
53302,Meson Exotic Plasma XL,   16.50,    5.13,  76.30
11174,Keres,   27.75,    8.63,  76.29
19145,Gistum A-Type Medium Remote Shield Booster,   18.88,    5.88,  76.26
28798,Mid-grade Nomad Delta,   17.25,    5.38,  76.24
47755,Unstable 100MN Afterburner Mutaplasmid,   50.50,   15.75,  76.23
41492,Capital F-RX Compact Capacitor Booster,   42.88,   13.38,  76.22
31448,Small Energy Burst Aerator II,   24.00,    7.50,  76.19
20565,Improved 'Guise' Cloaking Device II,   16.00,    5.00,  76.19
26068,Large Hyperspatial Velocity Optimizer I,   14.38,    4.50,  76.16
14168,Dark Blood Heavy Energy Neutralizer,   62.25,   19.50,  76.15
31486,Medium Energy Locus Coordinator II,   17.50,    5.50,  76.09
27912,Concussion Bomb,   18.63,    5.88,  76.02
28850,Ark,   22.50,    7.13,  75.95
16661,Sulfuric Acid,   17.75,    5.63,  75.94
17317,Fermionic Condensates,   38.13,   12.13,  75.87
45602,Tengu Offensive - Magnetic Infusion Basin,   19.25,    6.13,  75.86
23137,Takmahl Quantum Sphere,   22.38,    7.13,  75.85
11387,Hyena,   14.13,    4.50,  75.84
3119,Eifyr and Co. 'Rogue' Warp Drive Speed WS-618,   17.63,    5.63,  75.81
57458,Meta-Operant Neurolink Enhancer,   12.88,    4.13,  75.74
56080,Home-5 'Pochven' Filament,   71.38,   22.88,  75.73
22949,'Love' Medium Remote Armor Repairer,   16.38,    5.25,  75.72
11190,Sentinel,   15.50,    5.00,  75.61
23132,Yan Jung Tachyon Stetoscope,   15.88,    5.13,  75.60
17200,Blood Copper Tag,   20.88,    6.75,  75.57
3140,Zainou 'Deadeye' Rapid Launch RL-1006,   13.50,    4.38,  75.52
33904,Capital Transverse Bulkhead II,   13.50,    4.38,  75.52
19264,Pith C-Type EM Shield Hardener,   18.13,    5.88,  75.52
20060,Amarr Control Tower Small,   18.50,    6.00,  75.51
30306,Methanofullerene,   44.50,   14.50,  75.42
28695,Azure Mykoserocin,   41.00,   13.38,  75.40
23154,Serpentis Basic Target Guider,   18.38,    6.00,  75.38
81144,Superionic Ice,   37.88,   12.38,  75.37
2801,Nova Javelin Torpedo,   32.13,   10.50,  75.37
26888,Mobile Large Warp Disruptor II,   39.75,   13.00,  75.36
23093,Imperial Navy Xray M,   19.88,    6.50,  75.36
79186,Mysterious GalNet Crate II,   28.25,    9.25,  75.33
47756,Gravid 100MN Afterburner Mutaplasmid,   35.88,   11.75,  75.33
13955,Domination Large Armor Repairer,   22.13,    7.25,  75.32
62560,Compressed Crokite,   15.63,    5.13,  75.30
13248,Zainou 'Deadeye' Missile Projection MP-703,   18.25,    6.00,  75.26
37481,Pontifex,   23.88,    7.88,  75.20
62392,Compressed Malachite Cytoserocin,   12.13,    4.00,  75.19
16658,Silicon Diborite,   12.50,    4.13,  75.19
15813,Republic Fleet Nanofiber Structure,   12.88,    4.25,  75.18
60313,Gas Cloud Harvester I,   55.50,   18.50,  75.00
49774,Perun Heavy Mutadaptive Remote Armor Repairer,   29.25,    9.75,  75.00
574,425mm Railgun I,   18.00,    6.00,  75.00
18680,Coreli C-Type 1MN Afterburner,   16.88,    5.63,  75.00
72907,Magnate Navy Issue,   19.38,    6.50,  74.88
11196,Claw,   33.88,   11.38,  74.86
14206,Shadow Serpentis Large Plasma Smartbomb,   47.63,   16.00,  74.85
14100,Domination Tracking Enhancer,   36.38,   12.25,  74.81
47927,Mystic S,   68.88,   23.25,  74.76
92039,Inshore EC-300-I,   43.25,   14.63,  74.73
23868,'Warhammer' Large EMP Smartbomb,   15.50,    5.25,  74.70
22430,Sin,   26.13,    8.88,  74.64
88147,Triplot Scan Acquisition Array,   27.88,    9.50,  74.58
57470,U-C Trigger Neurolink Conduit,   31.13,   10.63,  74.55
45596,Loki Defensive - Augmented Durability,   45.00,   15.38,  74.53
12608,Hail S,   34.75,   11.88,  74.53
78622,Gravid Vorton Tuning System Mutaplasmid,   14.63,    5.00,  74.52
47140,Standup Einherji I,   14.63,    5.00,  74.52
16321,Upgraded Explosive Coating I,   13.50,    4.63,  74.48
30187,Intact Thruster Sections,   12.75,    4.38,  74.45
90608,Event Horizon Black Matte - Unlimited,   12.38,    4.25,  74.44
20507,High-grade Amulet Gamma,   21.38,    7.38,  74.35
49713,Zarmazd,   28.25,    9.75,  74.34
20747,Arch Angel Phased Plasma XL,   13.38,    4.63,  74.31
36910,Antipharmakon Iokira,   13.38,    4.63,  74.31
28810,Mid-grade Virtue Delta,   60.88,   21.13,  74.24
78366,Alligator,   31.25,   10.88,  74.18
4393,Drone Damage Amplifier I,   44.88,   15.63,  74.17
40349,25000mm Crystalline Carbonide Restrained Plates,   27.63,    9.63,  74.16
17499,Caldari Navy EM Shield Hardener,   15.75,    5.50,  74.12
41038,Republic Fleet Stasis Webifier,   22.88,    8.00,  74.09
9495,1400mm Gallium Cannon,   25.00,    8.75,  74.07
4399,Medium Processor Overclocking Unit II,   17.13,    6.00,  74.05
11547,Fusion Reactor Unit,   16.38,    5.75,  74.01
93124,Imperial Damage Booster IV,   15.63,    5.50,  73.96
45609,Loki Offensive - Support Processor,   24.13,    8.50,  73.95
17709,Omen Navy Issue,   68.75,   24.25,  73.92
40567,Mantis II,   19.13,    6.75,  73.91
23805,'Thurifer' Large Cap Battery,   14.88,    5.25,  73.91
16305,Upgraded Multispectrum Coating I,   12.75,    4.50,  73.91
92034,Huntsman SW-600-I,   35.75,   12.63,  73.90
47737,Decayed 5MN Microwarpdrive Mutaplasmid,   33.63,   11.88,  73.90
25273,Golden Cytoserocin,   18.75,    6.63,  73.89
15949,Federation Navy Small Plasma Smartbomb,   16.25,    5.75,  73.86
92465,Luna SD-600-I,   29.25,   10.38,  73.82
28298,'Integrated' Vespa,   12.63,    4.50,  73.72
2977,280mm Howitzer Artillery II,   30.50,   10.88,  73.72
11544,Titanium Diborite Armor Plate,   28.63,   10.25,  73.63
45625,Tengu Core - Electronic Efficiency Gate,   17.75,    6.38,  73.58
14116,Shadow Serpentis 500MN Microwarpdrive,   50.38,   18.13,  73.54
15753,Republic Fleet 10MN Afterburner,   29.75,   10.75,  73.46
9899,Ocular Filter - Basic,   37.00,   13.38,  73.45
48386,Women's Triglavian Survival Suit (Encounter),   16.25,    5.88,  73.45
45587,Legion Defensive - Augmented Plating,   28.00,   10.13,  73.44
13873,Dread Guristas 250mm Railgun,   14.50,    5.25,  73.42
92451,Tenzin’s Modified Guidance Disruptor,   17.25,    6.25,  73.40
81920,Integrated Moon Drill Armature,   12.75,    4.63,  73.38
25948,Large Capacitor Control Circuit I,   42.00,   15.25,  73.36
15893,Republic Fleet Warp Scrambler,   23.38,    8.50,  73.33
11549,Antimatter Reactor Unit,   17.88,    6.50,  73.33
92541,Capital Disintegrator Specialization,   84.50,   30.75,  73.32
23174,Takmahl Fractal Sheet,   13.38,    4.88,  73.29
18766,Centii A-Type Thermal Coating,   39.38,   14.38,  73.26
41238,10000MN Monopropellant Enduring Afterburner,   14.38,    5.25,  73.25
13832,True Sansha Mega Pulse Laser,   13.00,    4.75,  73.24
18768,Coreli C-Type Multispectrum Coating,   16.75,    6.13,  73.22
52313,Trinary State Processor,   41.00,   15.00,  73.21
43681,'Excavator' Ice Harvesting Drone,   12.63,    4.63,  73.19
54401,Mid-grade Hydra Delta,   15.00,    5.50,  73.17
12733,Prorator,   16.00,    5.88,  73.14
42200,Low-grade Asklepian Delta,   14.25,    5.25,  73.08
16683,Ferrogel,   58.88,   21.75,  73.02
21484,'Full Duplex' Ballistic Control System,   20.63,    7.63,  73.01
54392,High-grade Hydra Alpha,   12.50,    4.63,  72.99
33513,Leopard,   13.50,    5.00,  72.97
18857,Corpum B-Type Explosive Energized Membrane,   22.25,    8.25,  72.95
94008,Republic Fleet Bastion Module,   16.50,    6.13,  72.93
91570,Pioneer GalNet StreamCast Unit SKIN,   19.50,    7.25,  72.90
28844,Rhea,   12.75,    4.75,  72.86
35770,Missile Guidance Enhancer I,   13.75,    5.13,  72.85
92463,Meganeura TP-900-I,   16.75,    6.25,  72.83
42528,Mining Foreman Burst I,   16.38,    6.13,  72.78
5693,Small Inefficient Hull Repair Unit,   16.38,    6.13,  72.78
41268,Compact Conductors,   18.38,    6.88,  72.77
11557,Linear Shield Emitter,   20.38,    7.63,  72.77
11178,Raptor,   25.38,    9.50,  72.76
23119,Imperial Navy Radio L,   35.00,   13.13,  72.73
41504,Capital Ancillary Shield Booster,   14.00,    5.25,  72.73
22993,Federation Navy Antimatter Charge L,   12.00,    4.50,  72.73
36912,Antipharmakon Aeolis,   12.00,    4.50,  72.73
57461,Cogni-Emotive Neurolink Enhancer,   27.63,   10.38,  72.70
86261,Breacher Pod Clone Efficacity,   18.63,    7.00,  72.68
31364,Small Ancillary Current Router II,   71.13,   26.75,  72.67
90475,Integrated Sensor Array,   27.25,   10.25,  72.67
24525,Inferno Javelin Torpedo,   12.63,    4.75,  72.66
52312,Zero-Point Field Manipulator,   78.50,   29.63,  72.60
42836,Electronic Superiority Charge,   12.88,    4.88,  72.54
15939,Republic Fleet Large Proton Smartbomb,   20.75,    7.88,  72.49
14172,Dark Blood Heavy Capacitor Booster,   44.38,   16.88,  72.45
13922,Dread Guristas Heavy Missile Launcher,   13.13,    5.00,  72.41
37298,Dual Giga Pulse Laser II,   46.25,   17.63,  72.41
27920,Electron Bomb,   13.75,    5.25,  72.37
18941,Corpus X-Type Kinetic Armor Hardener,   30.75,   11.75,  72.35
37300,Triple Neutron Blaster Cannon II,   15.38,    5.88,  72.35
47751,Unstable 10MN Afterburner Mutaplasmid,   33.63,   12.88,  72.31
41506,Capital Clarity Ward Enduring Shield Booster,   15.00,    5.75,  72.29
47887,Tetryon Exotic Plasma L,   28.00,   10.75,  72.26
75282,Compressed Ytirium IV-Grade,   15.63,    6.00,  72.25
47819,Gravid Large Armor Plate Mutaplasmid,   15.63,    6.00,  72.25
18845,Corpum C-Type Thermal Energized Membrane,   37.75,   14.50,  72.25
85400,X-Large Mutaplasmid Residue,   16.25,    6.25,  72.22
19143,Gistum B-Type Medium Remote Shield Booster,   31.75,   12.25,  72.16
11550,Graviton Reactor Unit,   15.88,    6.13,  72.16
12533,Blood Silver Tag,   19.75,    7.63,  72.15
34412,Small Intact Hull Section,   16.75,    6.50,  72.04
15693,Imperial Navy Multispectrum Coating,   21.25,    8.25,  72.03
33336,Thulium Hafnite,   17.38,    6.75,  72.02
42832,Armor Energizing Charge,   21.88,    8.50,  72.02
33561,Mid-grade Ascendancy Epsilon,   13.50,    5.25,  72.00
12263,Heavy Energy Nosferatu II,   16.38,    6.38,  71.98
20506,High-grade Halo Gamma,   11.88,    4.63,  71.97
27349,Guristas Inferno Torpedo,   24.38,    9.50,  71.96
11202,Ares,   17.63,    6.88,  71.94
37546,Guidance Disruptor II,   20.50,    8.00,  71.93
85558,Glorified Unstable Stasis Webifier Mutaplasmid,   15.00,    5.88,  71.86
52250,Nergal,   51.63,   20.25,  71.83
28800,Mid-grade Nomad Gamma,   24.50,    9.63,  71.79
21889,Information Command Mindlink,   17.50,    6.88,  71.79
21569,Sleeper Profound Research Notes,   37.13,   14.63,  71.74
13953,Dread Guristas X-Large Shield Booster,   54.50,   21.50,  71.71
62587,Compressed Mercoxit II-Grade,   13.88,    5.50,  71.61
14158,True Sansha Medium Energy Nosferatu,   14.50,    5.75,  71.60
81047,Torrent,   32.38,   12.88,  71.55
28334,Republic Fleet Depleted Uranium M,   34.88,   13.88,  71.54
33850,Federation Navy Drone Navigation Computer,   12.25,    4.88,  71.53
11198,Stiletto,   44.88,   17.88,  71.51
31904,Imperial Navy 200mm Steel Plates,   17.50,    7.00,  71.43
2993,Dual Light Beam Laser II,   15.63,    6.25,  71.43
31894,Republic Fleet Bouncer,   26.50,   10.63,  71.38
7127,Mega Modulated Energy Beam I,   20.25,    8.13,  71.37
14041,Domination EM Shield Amplifier,   31.75,   12.75,  71.35
11691,Thermonuclear Trigger Unit,   14.63,    5.88,  71.34
11451,Nuclear Physics,   37.88,   15.25,  71.29
12565,Conflagration S,   99.25,   40.00,  71.27
89648,Venture Consortium Issue,   13.25,    5.38,  71.14
31414,Medium Semiconductor Memory Cell II,   12.00,    4.88,  71.11
5867,Passive Targeting Array I,   12.00,    4.88,  71.11
85846,Festive Iron Metallic - Limited,   15.38,    6.25,  71.10
22442,Eos,   14.75,    6.00,  71.08
10228,Zainou 'Gnome' Shield Management SM-703,   24.25,    9.88,  71.06
83465,Capital Micro Jump Drive,   13.50,    5.50,  71.05
14220,Shadow Serpentis Medium Plasma Smartbomb,   37.38,   15.25,  71.02
26388,Large Energy Locus Coordinator II,   11.63,    4.75,  70.99
42205,Mid-grade Asklepian Beta,   32.38,   13.25,  70.96
12544,Guristas Gold Tag,   17.38,    7.13,  70.92
42839,Interdiction Maneuvers Charge,   23.75,    9.75,  70.90
20741,Arch Angel EMP XL,   22.50,    9.25,  70.87
28699,Malachite Mykoserocin,   41.00,   16.88,  70.84
47826,Unstable Medium Energy Neutralizer Mutaplasmid,   19.13,    7.88,  70.83
90813,Kitsune Shattered Paradigm SKIN,   12.75,    5.25,  70.83
28381,Dread Guristas Heavy Assault Missile Launcher,   22.75,    9.38,  70.82
33155,Harbinger Navy Issue,   15.75,    6.50,  70.79
23128,Yan Jung Crystal Cylinder,   35.13,   14.50,  70.78
22124,Mid-grade Amulet Omega,   20.25,    8.38,  70.74
15610,Imperial Navy Sergeant Insignia I,   14.50,    6.00,  70.73
33337,Promethium Mercurite,   16.25,    6.75,  70.65
28215,Bouncer II,   40.50,   16.88,  70.59
86263,Breacher Pod Projection,   13.50,    5.63,  70.59
47772,Gravid Medium Armor Repairer Mutaplasmid,   15.88,    6.63,  70.56
22448,Absolution,   14.38,    6.00,  70.55
17219,Serpentis Electrum Tag,   16.75,    7.00,  70.53
16665,Hexite,   13.75,    5.75,  70.51
24700,Myrmidon,   21.50,    9.00,  70.49
19019,Corpum B-Type Medium Armor Repairer,   14.63,    6.13,  70.48
45618,Proteus Propulsion - Localized Injectors,   18.50,    7.75,  70.48
53299,Zirnitra Blueprint Data Vault,   13.13,    5.50,  70.47
34593,Entosis Link I,   29.50,   12.38,  70.45
16668,Dysporite,   18.75,    7.88,  70.42
14174,True Sansha Heavy Capacitor Booster,   29.13,   12.25,  70.39
20125,Curse,   39.13,   16.50,  70.34
11377,Nemesis,   79.00,   33.38,  70.30
31908,Imperial Navy 400mm Steel Plates,   15.38,    6.50,  70.29
91174,Perseverance,   15.38,    6.50,  70.29
21720,Sleeper Thermal Regulator,   31.63,   13.38,  70.28
52997,Precursor Dreadnought,   23.63,   10.00,  70.26
35894,Standup Cloning Center I,   17.13,    7.25,  70.26
15461,Improved Frentix Booster,   11.50,    4.88,  70.23
28205,Medium Armor Maintenance Bot II,   15.63,    6.63,  70.22
12765,Tremor L,   12.38,    5.25,  70.21
45534,Monitor,   12.38,    5.25,  70.21
90491,Unstable Strip Miner Mutaplasmid,   95.38,   40.50,  70.19
9327,800mm Heavy 'Scout' Repeating Cannon I,   14.13,    6.00,  70.19
22546,Skiff,   27.63,   11.75,  70.16
47775,Unstable Large Armor Repairer Mutaplasmid,   21.13,    9.00,  70.12
47776,Gravid Large Armor Repairer Mutaplasmid,   12.88,    5.50,  70.07
4346,Gistum A-Type Multispectrum Shield Hardener,   21.63,    9.25,  70.04
22109,Mid-grade Crystal Delta,   23.63,   10.13,  70.00
14104,Shadow Serpentis 100MN Afterburner,   33.75,   14.50,  69.95
21011,Capital Turret Hardpoint,   11.63,    5.00,  69.92
33892,Small Transverse Bulkhead II,   37.75,   16.25,  69.91
3989,Large Plasma Smartbomb II,   13.63,    5.88,  69.87
34276,Polarized Mega Pulse Laser,   30.63,   13.25,  69.80
630,Bellicose,   21.63,    9.38,  69.76
11194,Kitsune,   20.75,    9.00,  69.75
20629,Medium 'Canyon' Shield Extender,   13.25,    5.75,  69.74
17769,Fluxed Condensates,   13.25,    5.75,  69.74
19139,Pithi A-Type Small Remote Shield Booster,   24.75,   10.75,  69.72
15761,Federation Navy 1MN Afterburner,   15.25,    6.63,  69.71
19281,Gist X-Type EM Shield Hardener,   55.75,   24.25,  69.69
90471,Unstable Modulated Deep Core Miner Mutaplasmid,   16.38,    7.13,  69.68
14250,Shadow Serpentis Warp Disruptor,   46.50,   20.25,  69.66
5361,Deluge Enduring Burst Jammer,   17.50,    7.63,  69.65
21029,Capital Drone Bay,   14.63,    6.38,  69.64
1987,Signal Amplifier II,   65.38,   28.50,  69.64
21009,Capital Propulsion Engine,   17.75,    7.75,  69.61
3895,Security Connections,   12.88,    5.63,  69.59
47362,Standup Layered Armor Plating II,   16.88,    7.38,  69.59
14236,Shadow Serpentis Sensor Booster,   53.13,   23.38,  69.44
1973,Sensor Booster I,   18.75,    8.25,  69.44
92514,Ultratidal Entropic Disintegrator II,   24.13,   10.63,  69.42
24395,Drone Navigation Computer I,   31.38,   13.88,  69.34
41196,Sentient Signal Amplifier,   35.25,   15.63,  69.29
43896,Medium Command Processor I,   16.63,    7.38,  69.27
41217,Thukker Medium Cap Battery,   45.63,   20.25,  69.26
4395,Medium Processor Overclocking Unit I,   77.13,   34.25,  69.25
18843,Centum C-Type EM Energized Membrane,   18.00,    8.00,  69.23
52240,Zorya's Supratidal Entropic Disintegrator,   13.50,    6.00,  69.23
27333,Caldari Navy Scourge Rocket,   59.88,   26.63,  69.22
42209,Mid-grade Asklepian Omega,   20.50,    9.13,  69.20
27190,Poteque 'Prospector' Astrometric Pinpointing AP-610,   11.50,    5.13,  69.17
57488,Neurolink Protection Cell,   37.00,   16.50,  69.16
14136,True Sansha Power Diagnostic System,   42.25,   18.88,  69.12
193,EMP M,   21.25,    9.50,  69.11
2921,650mm Artillery Cannon II,   14.25,    6.38,  69.09
92456,Presidential Mining Foreman Burst,   21.50,    9.63,  69.08
26892,Mobile Small Warp Disruptor II,   12.00,    5.38,  69.06
26302,Large Trimark Armor Pump II,   59.63,   26.75,  69.03
40350,25000mm Rolled Tungsten Compact Plates,   19.50,    8.75,  69.03
31748,Medium Kinetic Shield Reinforcer II,   11.13,    5.00,  68.99
57475,Gravimetric-FTL Interlink Communicator,   18.63,    8.38,  68.98
31372,Medium Capacitor Control Circuit I,   40.00,   18.00,  68.97
19205,Pith A-Type Large Shield Booster,   12.50,    5.63,  68.97
18847,Centum C-Type Thermal Energized Membrane,   18.88,    8.50,  68.95
3154,Ion Blaster Cannon II,   11.63,    5.25,  68.89
57456,Pressurized Oxidizers,   22.13,   10.00,  68.87
7171,Tachyon Modulated Energy Beam I,   15.75,    7.13,  68.85
4409,Signature Radius Suppressor I,   18.50,    8.38,  68.84
62557,Compressed Dark Ochre II-Grade,   16.00,    7.25,  68.82
62558,Compressed Dark Ochre III-Grade,   11.25,    5.13,  68.70
14144,Dark Blood Capacitor Power Relay,   30.13,   13.75,  68.66
7001,Dual Heavy Afocal Pulse Laser I,   11.50,    5.25,  68.66
49712,Rodiva,   19.13,    8.75,  68.61
625,Augoror,   26.50,   12.13,  68.61
20189,Fenrir,   15.00,    6.88,  68.57
45632,Loki Core - Augmented Nuclear Reactor,   33.75,   15.50,  68.53
31282,Medium Ionic Field Projector II,   16.88,    7.75,  68.53
13242,Eifyr and Co. 'Rogue' Warp Drive Speed WS-610,   15.50,    7.13,  68.51
31185,Medium Polycarbon Engine Housing II,   15.50,    7.13,  68.51
33842,Federation Navy Drone Damage Amplifier,   40.50,   18.63,  68.50
13939,Domination Gyrostabilizer,   42.88,   19.75,  68.46
54395,High-grade Hydra Delta,   12.75,    5.88,  68.46
40361,Gram I,   21.13,    9.75,  68.42
16537,Vigor Compact Micro Auxiliary Power Core,   85.13,   39.38,  68.37
23109,Imperial Navy Xray L,   13.75,    6.38,  68.32
11186,Malediction,   50.38,   23.38,  68.31
10880,Large C5-L Compact Shield Booster,   26.63,   12.38,  68.27
35790,Missile Guidance Computer II,  132.88,   61.88,  68.23
18608,Mercoxit Asteroid Mining Crystal Type A II,   11.00,    5.13,  68.22
24535,Mjolnir Fury Cruise Missile,   45.88,   21.38,  68.22
21935,Republic Fleet Titanium Sabot L,   12.88,    6.00,  68.21
19283,Gist X-Type Thermal Shield Hardener,   38.00,   17.75,  68.16
90482,Unstable Deep Core Mining Laser Mutaplasmid,   11.50,    5.38,  68.15
19173,Gistii A-Type Small Shield Booster,   21.63,   10.13,  68.11
92464,Stigmella SD-300-I,   31.50,   14.75,  68.11
18945,Corpus X-Type Thermal Armor Hardener,   30.63,   14.38,  68.06
33476,Mobile Cynosural Inhibitor,   12.50,    5.88,  68.03
15477,Improved Drop Booster,   17.00,    8.00,  68.00
13978,True Sansha Kinetic Armor Hardener,   53.38,   25.13,  67.99
23055,Templar I,   26.25,   12.38,  67.96
75278,Compressed Mordunium IV-Grade,   22.00,   10.38,  67.95
58971,Enduring Interdiction Nullifier,   17.75,    8.38,  67.94
1999,Tracking Enhancer II,   85.25,   40.38,  67.86
34328,Bowhead,   14.25,    6.75,  67.86
9942,Neural Boost - Basic,   28.75,   13.63,  67.85
90591,Gravid Gas Cloud Harvester Mutaplasmid,   12.13,    5.75,  67.83
31616,Medium Rocket Fuel Cache Partition II,   17.63,    8.38,  67.79
30254,Electromechanical Hull Sheeting,   27.88,   13.25,  67.78
57319,Mobile Cynosural Beacon,   26.25,   12.50,  67.74
13252,Zainou 'Gnome' Weapon Upgrades WU-1003,   13.38,    6.38,  67.72
57472,S-R Trigger Neurolink Conduit,   18.88,    9.00,  67.71
31924,Republic Fleet Small Shield Extender,   22.50,   10.75,  67.67
12102,Large Remote Capacitor Transmitter II,   12.25,    5.88,  67.59
32309,Scorpion Navy Issue,   12.25,    5.88,  67.59
19349,Gistii A-Type 5MN Microwarpdrive,   21.63,   10.38,  67.58
28209,Warden II,   35.88,   17.25,  67.53
33197,Scan Acquisition Array II,   38.13,   18.38,  67.48
48387,Men's Triglavian Survival Suit (Encounter),   14.75,    7.13,  67.43
31041,Medium Thermal Armor Reinforcer II,   14.75,    7.13,  67.43
19301,Gist X-Type Shield Boost Amplifier,   45.25,   21.88,  67.41
18676,Gist X-Type 100MN Afterburner,   61.13,   29.63,  67.36
28796,Mid-grade Nomad Alpha,   16.50,    8.00,  67.35
32262,Black Eagle Drone Link Augmentor,   12.38,    6.00,  67.35
45604,Proteus Offensive - Hybrid Encoding Platform,   16.75,    8.13,  67.34
54731,Skybreaker,   21.13,   10.25,  67.33
7083,Mega Modal Pulse Laser I,   14.13,    6.88,  67.26
18861,Corpum B-Type Thermal Energized Membrane,   15.38,    7.50,  67.21
34282,Polarized Neutron Blaster Cannon,   42.50,   20.75,  67.19
33199,Scan Pinpointing Array II,   49.38,   24.13,  67.18
12019,Sacrilege,   34.25,   16.75,  67.16
11319,800mm Crystalline Carbonide Restrained Plates,   57.50,   28.13,  67.15
31376,Small Capacitor Control Circuit II,   40.88,   20.00,  67.15
28811,Mid-grade Virtue Epsilon,   53.38,   26.13,  67.14
34562,Svipul,   24.25,   11.88,  67.13
56202,Athanor Upwell Quantum Core,   12.75,    6.25,  67.11
13984,Dark Blood Thermal Armor Hardener,   40.00,   19.63,  67.09
23152,Blood Raider Power Redistributor,   14.25,    7.00,  67.06
19011,Coreli C-Type Small Armor Repairer,   14.75,    7.25,  67.05
10842,X-Large Shield Booster II,   15.00,    7.38,  67.04
13956,True Sansha Large Armor Repairer,   30.50,   15.00,  67.03
19540,High-grade Snake Alpha,   17.75,    8.75,  66.98
47700,Unstable Stasis Webifier Mutaplasmid,   46.13,   22.75,  66.97
42840,Rapid Deployment Charge,   30.88,   15.25,  66.94
28377,Caldari Navy Heavy Assault Missile Launcher,   16.88,    8.38,  66.83
10155,Improved Blue Pill Booster,   24.63,   12.25,  66.78
23134,Takmahl Dynamic Gauge,   27.63,   13.75,  66.77
15466,Standard Drop Booster,   35.13,   17.50,  66.75
18698,Core X-Type 100MN Afterburner,   40.88,   20.38,  66.73
90522,Gravid Ice Harvester Mutaplasmid,   27.75,   13.88,  66.67
31011,Medium Explosive Armor Reinforcer I,   14.75,    7.38,  66.67
92387,Vedmak Unbridled Glory SKIN,   13.75,    6.88,  66.67
22977,Federation Navy Antimatter Charge M,   12.50,    6.25,  66.67
31274,Small Ionic Field Projector I,   11.25,    5.63,  66.67
47930,Occult M,   41.38,   20.75,  66.60
17922,Ashimmu,   36.38,   18.25,  66.59
11541,Photon Microprocessor,   24.38,   12.25,  66.55
17920,Bhaalgorn,   22.38,   11.25,  66.54
41191,Sentient Sensor Booster,   33.50,   16.88,  66.50
52254,Draugur,   15.88,    8.00,  66.49
19107,Corpum C-Type Medium Energy Nosferatu,   24.50,   12.38,  66.44
27174,Zainou 'Beancounter' Reprocessing RX-804,   22.75,   11.50,  66.42
14134,Dark Blood Power Diagnostic System,   31.63,   16.00,  66.40
47734,Unstable Warp Disruptor Mutaplasmid,   32.25,   16.38,  66.32
37612,True Sansha Warp Disruption Field Generator,   24.13,   12.25,  66.32
28698,Lime Mykoserocin,   28.00,   14.25,  66.27
23559,Warden I,   26.75,   13.63,  66.25
28302,'Integrated' Warrior,   13.25,    6.75,  66.25
40357,Capital Shield Extender II,   12.00,    6.13,  66.21
2873,125mm Gatling AutoCannon II,   29.38,   15.00,  66.20
32311,Typhoon Fleet Issue,   11.75,    6.00,  66.20
94010,Caldari Navy Bastion Module,   21.00,   10.75,  66.14
92036,Tick EV-300-I,   15.38,    7.88,  66.13
85087,Tholos,   23.63,   12.13,  66.08
12563,Scorch S,   49.38,   25.38,  66.05
90739,Historic Yoiul Festival SKIN Crate,   12.88,    6.63,  66.03
49725,Unstable Magnetic Field Stabilizer Mutaplasmid,   29.88,   15.38,  66.02
12753,Impel,   12.38,    6.38,  66.00
16667,Neo Mercurite,   19.88,   10.25,  65.98
13957,Dark Blood Large Armor Repairer,   19.63,   10.13,  65.97
21888,Shield Command Mindlink,   23.25,   12.00,  65.96
48434,Unstable Medium Cap Battery Mutaplasmid,   15.00,    7.75,  65.93
20501,High-grade Amulet Beta,   14.75,    7.63,  65.92
21733,Angel Dynamic Calibrator,   13.50,    7.00,  65.85
56069,Proximity-15 'Extraction' Filament,   23.38,   12.13,  65.85
42695,Shield Harmonizing Charge,   19.75,   10.25,  65.83
47928,Baryon Exotic Plasma M,   32.75,   17.00,  65.83
11539,Nanoelectrical Microprocessor,   16.38,    8.50,  65.83
24531,Nova Fury Cruise Missile,   12.75,    6.63,  65.81
31358,Small Ancillary Current Router I,   51.63,   26.88,  65.76
93059,Republic Defense Booster IV,   12.00,    6.25,  65.75
45629,Proteus Core - Augmented Fusion Reactor,   28.25,   14.75,  65.70
28808,Mid-grade Virtue Alpha,   13.88,    7.25,  65.68
15478,Strong Drop Booster,   33.00,   17.25,  65.67
16367,Prototype Compact Explosive Armor Hardener I,   38.00,   19.88,  65.66
90610,Event Horizon Black Matte - Limited,   16.00,    8.38,  65.64
32414,Domination Target Painter,   31.25,   16.38,  65.62
18837,Corpum C-Type Explosive Energized Membrane,   25.25,   13.25,  65.58
41491,Capital Capacitor Booster I,   12.13,    6.38,  65.54
31936,Navy Micro Auxiliary Power Core,   28.75,   15.13,  65.53
13260,Inherent Implants 'Squire' Capacitor Systems Operation EO-603,   11.88,    6.25,  65.52
23049,Caldari Navy Iridium Charge L,   14.00,    7.38,  65.50
3598,Medium Remote Shield Booster II,   11.38,    6.00,  65.47
41411,Networked Sensor Array,   15.38,    8.13,  65.43
2559,Ladar ECM II,   43.75,   23.13,  65.42
31922,Caldari Navy Small Shield Extender,   21.75,   11.50,  65.41
15615,Imperial Navy General Insignia I,   38.88,   20.63,  65.34
23029,Caldari Navy Uranium Charge M,   16.00,    8.50,  65.31
57471,R-O Trigger Neurolink Conduit,   16.00,    8.50,  65.31
23057,Dragonfly I,   13.63,    7.25,  65.27
81040,Avalanche,   13.38,    7.13,  65.24
40346,Siren I,   15.25,    8.13,  65.24
37627,Corpum A-Type Medium Energy Neutralizer,   18.00,    9.63,  65.16
3534,CONCORD Capital Armor Repairer,   17.75,    9.50,  65.14
11184,Crusader,   32.88,   17.63,  65.10
49736,Gravid Entropic Radiation Sink Mutaplasmid,   39.38,   21.13,  65.08
22122,Mid-grade Amulet Epsilon,   24.63,   13.25,  65.02
14074,Shadow Serpentis Multispectrum Energized Membrane,   70.88,   38.25,  64.95
17732,Tempest Fleet Issue,   23.63,   12.75,  64.95
11448,Electromagnetic Physics,   20.38,   11.00,  64.94
11534,Gravimetric Sensor Cluster,   10.88,    5.88,  64.93
11558,Sustained Shield Emitter,   18.50,   10.00,  64.91
14280,350mm Carbide Railgun I,   13.88,    7.50,  64.91
12735,Prowler,   13.88,    7.50,  64.91
62519,Compressed Veldspar IV-Grade,   11.75,    6.38,  64.83
42833,Rapid Repair Charge,   14.50,    7.88,  64.80
47827,Gravid Medium Energy Neutralizer Mutaplasmid,   11.50,    6.25,  64.79
45605,Proteus Offensive - Drone Synthesis Projector,   20.00,   10.88,  64.78
90468,Gravid Modulated Strip Miner Mutaplasmid,   81.38,   44.25,  64.78
45591,Tengu Defensive - Amplification Node,   27.13,   14.75,  64.78
22570,Inherent Implants 'Yeti' Ice Harvesting IH-1003,   14.25,    7.75,  64.77
41202,Sentient Damage Control,   18.38,   10.00,  64.76
27260,Poteque 'Prospector' Environmental Analysis EY-1005,   22.50,   12.25,  64.75
8103,Advanced 'Limos' Heavy Missile Bay I,   12.63,    6.88,  64.74
11563,Micro Auxiliary Power Core I,   50.88,   27.75,  64.71
1978,Tracking Computer II,   90.25,   49.25,  64.70
62625,Large Asteroid Ore Compressor I,   23.13,   12.63,  64.69
49740,Gravid Ballistic Control System Mutaplasmid,   55.63,   30.38,  64.68
14112,Shadow Serpentis 1MN Afterburner,   14.88,    8.13,  64.67
16062,Caldari Navy Cruise Missile Launcher,   22.88,   12.50,  64.66
19219,Pithum B-Type Thermal Shield Amplifier,   20.13,   11.00,  64.66
47735,Gravid Warp Disruptor Mutaplasmid,   26.50,   14.50,  64.63
92469,Torafugu TD-900-I,   13.25,    7.25,  64.63
22108,Mid-grade Crystal Beta,   18.50,   10.13,  64.63
92462,Darter TP-600-I,   18.25,   10.00,  64.60
2571,Gravimetric ECM II,   39.00,   21.38,  64.60
23527,Drone Link Augmentor I,  149.00,   81.75,  64.57
21926,Republic Fleet Proton L,   11.38,    6.25,  64.54
12729,Crane,   23.88,   13.13,  64.53
14043,Dread Guristas EM Shield Amplifier,   32.50,   17.88,  64.52
16669,Ferrofluid,   17.50,    9.63,  64.52
13964,Dark Blood Small Armor Repairer,   11.13,    6.13,  64.49
56066,Glorification-5 'Devana' Filament,   11.13,    6.13,  64.49
94009,Federation Navy Bastion Module,   46.50,   25.63,  64.47
1436,Auto Targeting System II,   28.13,   15.50,  64.47
11365,Vengeance,   17.00,    9.38,  64.45
15909,Caldari Navy EM Shield Amplifier,   10.88,    6.00,  64.44
33139,Clone Soldier Recruiter Tag,   10.88,    6.00,  64.44
20443,Ogdin's Eye Coordination Enhancer,   20.38,   11.25,  64.43
34575,Antikythera Element,   56.00,   31.00,  64.37
31802,Medium Core Defense Field Purger I,   28.88,   16.00,  64.35
62568,Compressed Arkonor,   25.25,   14.00,  64.33
48430,Unstable Small Cap Battery Mutaplasmid,   18.25,   10.13,  64.32
31161,Medium Hyperspatial Velocity Optimizer I,   21.63,   12.00,  64.31
11540,Quantum Microprocessor,   22.75,   12.63,  64.31
22111,Mid-grade Crystal Gamma,   23.88,   13.25,  64.31
267,Scourge Torpedo,   21.38,   11.88,  64.29
13237,Eifyr and Co. 'Rogue' Navigation NN-603,   13.50,    7.50,  64.29
22474,Damnation,   12.38,    6.88,  64.29
27411,Guristas Scourge Heavy Assault Missile,   13.25,    7.38,  64.24
90733,Mining Laser Efficiency Charge,   18.63,   10.38,  64.22
19221,Pithum B-Type Kinetic Shield Amplifier,   14.13,    7.88,  64.20
4573,Medium ACM Compact Armor Repairer,   10.75,    6.00,  64.18
47806,Unstable Large Shield Extender Mutaplasmid,   35.38,   19.75,  64.17
41308,Restrained Compounds,   13.88,    7.75,  64.16
2510,Inferno Torpedo,   24.38,   13.63,  64.14
35925,Standup Heavy Energy Neutralizer I,   17.63,    9.88,  64.09
52310,Radiation Absorption Thruster,   15.13,    8.50,  64.02
41199,Shadow Serpentis Remote Sensor Booster,   32.25,   18.13,  64.02
7087,Mega Modulated Pulse Energy Beam I,   12.88,    7.25,  63.98
15963,Imperial Navy Large EMP Smartbomb,   91.50,   51.63,  63.93
18865,Corpum A-Type Thermal Energized Membrane,   26.13,   14.75,  63.91
31790,Medium Core Defense Field Extender I,  136.88,   77.38,  63.89
20161,High-grade Crystal Omega,   15.25,    8.63,  63.87
12034,Hound,   50.50,   28.63,  63.82
22120,Mid-grade Amulet Beta,   19.63,   11.13,  63.82
8295,Type-D Restrained Shield Flux Coil,   13.88,    7.88,  63.79
3359,Connections,   16.50,    9.38,  63.77
3995,Large EMP Smartbomb II,   19.13,   10.88,  63.75
9135,425mm Medium 'Scout' Autocannon I,   12.75,    7.25,  63.75
16497,Heavy Ghoul Compact Energy Nosferatu,   26.38,   15.00,  63.75
33522,'Yurt' Mobile Depot,   13.63,    7.75,  63.74
28752,ORE Ice Harvester,   23.25,   13.25,  63.70
19149,Pithum B-Type Medium Remote Shield Booster,   24.75,   14.13,  63.67
60244,CONCORD Rogue Analysis Beacon,   15.75,    9.00,  63.64
8759,125mm Light 'Scout' Autocannon I,   13.13,    7.50,  63.64
11229,Explosive Energized Membrane II,   11.38,    6.50,  63.64
